{"N": 0.01299790161482997, "Q": 0.03792011926401887, "P": 0.057090054994765084, "M": 0.014981824310815971, "R": 0.06844803717524031, "D": 0.02115554368224741, "T": 0.04309483195910137, "L": 0.09206914771131443, "F": 0.030447356744295048, "W": 0.07913466146966874, "H": 0.06953479350668403, "C": 0.09574148849921017, "A": 0.0410611839818148, "E": 0.015770793809747833, "I": 0.0876898674239861, "G": 0.01239567927324933, "V": 0.07017365463829746, "S": 0.09942913807325728, "K": 0.008335930963324007, "Y": 0.042527990904131785}